מזון,רפואי,מוסד,ועדה,מוגבלות,ביטחון,מקרקעין,רכב,זכאי,רישום,הוגש,חומר,שידור,חברה,טיס,נכס,ועדה,פקודה,תשלום,תאגיד,טובין,סכום,עבירה,תוכנית
מוצר,בריאות,חינוך,ממשלה,מפעיל,גוף,דירה,נהג,סכום,חשבון,ערר,מיתקן,זיכיון,דוח,טיסה,הוצאה,בחירה,עשה,כספי,לקוח,שיט,מס,משמעת,ועדה
יצרן,טיפול,משרד,יושב,משנה,סמכות,פיצוי,נהיגה,קצבה,אגודה,ערעור,מטר,תוכנית,ערך,תעופה,חוב,מועמד,מאסר,עיצום,מכרז,נמל,הכנסה,צבאי,היתר
ייצור,ילד,תמיכה,ישיבה,כניסה,עבירה,קרקע,נסיעה,תשלום,מאגר,תביעה,מפעל,יצירה,תאגיד,בדק,פועל,רשימה,קנס,סכום,התקשרות,מכס,שקל,נאשם,תכנון
יבואן,קטין,בחינה,הכנסה,מדידה,פעולה,נכס,משנה,חודש,אלקטרוני,מסמך,הותקן,ישראלי,נייר,שדה,הליך,קלפי,סימן,הפרה,בנקאי,אונייה,תשלום,שופט,עסק
שיווק,רופא,ועדה,הצעה,בידוד,הוסמך,אזור,הותקן,ביטוח,תעודה,הגשה,מערכה,כלל,מנייה,טייס,נושה,הצבעה,שטר,הפר,בנק,פקיד,שיעור,חקירה,רישוי
תכשיר,חלה,תלמיד,כהונה,ציבורי,חובה,מגורים,רישוי,שולם,מסמך,טענה,חשמל,פרסומת,אסיפה,גדר,נאמן,מרכזי,תעודה,שירותים,אשראי,מטען,שינה,מאסר,שטח
פסולת,כוח,ציבור,נציג,אזור,הגנה,איגוד,נוהג,גמל,זיהוי,תובענה,בטיחות,טלוויזיה,נכס,תעודה,תשלום,סיעה,מעשה,גז,ועדה,ייבוא,הוצאה,קצין,בנייה
ציוד,ועדה,לשכה,כנסת,התאמה,מפקח,שטח,נוסע,קופה,מערכה,ביקש,משנה,תשדיר,דירקטוריון,משנה,לשכה,יושב,עסק,ספק,פיננסי,קברניט,מחיר,אסיר,תחום
חומר,משפחה,לימודים,מינה,נגיש,ציבור,דייר,רכבת,קוף,פעולה,הליך,מבנה,הפקה,דירקטור,נוהל,כונס,עירייה,פטנט,צרכן,שירותים,הובלה,מכירה,ערעור,פנים
אריזה,הסכמה,ציבורי,תקציב,שטח,גורם,מפעל,עלה,תגמול,קבלה,תובע,בניין,שידר,הצעה,מכון,יחיד,בוחר,השתמש,חוזה,עסק,מסוכן,שולם,סוהר,נציג
סימון,בדיקה,מקצוע,מינוי,נגישות,משרד,הסכם,תחנה,שכר,חתימה,משנה,בדיקה,תאגיד,בורסה,הדרכה,אפוטרופוס,הצביע,פקיד,חיוב,עסקה,אגרה,תחילה,משטרה,הוגש
וטרינר,סוציאלי,ספורט,מילא,החזיק,לעניין,זכאי,תעבורה,שיעור,תרומה,משיב,נפץ,תחילה,כללי,אוויר,סכום,אזורי,ידיעה,עסק,מפקח,תעודה,שילם,נציב,בקרה
בדיקה,שירותים,השכלה,סדר,התקיים,תוקף,פעולה,מנוע,בעד,משנה,תשובה,מפקח,ציבור,החזיק,פורט,פירעון,אוחר,החזיק,עוסק,שליטה,חמר,אוצר,עונש,מוסד
ייצר,רווחה,כללי,כללי,אחראי,נגע,החזיק,אוטובוס,מעסיק,זהות,ראייה,שטח,בזק,כלל,החזיק,תאגיד,אזור,דרש,טענה,כלל,יובא,עלה,הליך,תשתית
מעבדה,אפוטרופוס,תואר,מונה,מודד,התייעצות,חקלאי,כביש,עמית,גוף,החליט,חדר,שליטה,כספי,מבחן,פירוק,סגן,פרסום,שילם,גוף,אזור,חשבון,פלילי,אתר
תעודה,אחראי,גבוה,תחום,שהה,מונה,תשלום,אסבסט,זוג,גורם,נתבע,בנייה,רדיו,דיווח,אווירי,עיקול,קול,עבירה,סביר,החזיק,צוות,חודש,מעצר,ערר
מוכר,מטופל,מוכר,עדה,פורט,סביר,ביוב,תנועה,הגיע,פנקס,ראה,מתאים,משדר,השקעה,מקצועי,חשבון,נבחר,ארץ,פרסם,הלוואה,חוף,שומה,תלונה,בניין
רוקח,מינה,מקצועי,פעולה,קבוע,פנים,הוצאה,מסילה,גמלה,בנק,הומצא,ציוד,יוצר,תשקיף,נדרש,הוגש,מפלגה,מסחר,עסקה,התחייבות,ייצוא,מדד,נשיא,מחוזי
ייבוא,אח,תחום,משרד,נקודה,הגדרה,משותף,בטיחות,דם,דיווח,המצאה,גובה,כללי,יחידות,ניסיון,מפרק,פתק,עברה,מחיר,אוצר,סוכן,כלל,אישום,משנה
עסק,חולה,תעודה,סמכות,מרחק,שמירה,רכישה,מותר,נכה,פרסום,העתק,ראשי,תוכן,מסחר,בטיחות,פעולה,בחירות,מילא,פרה,הצעה,שולם,תקציב,ועדה,מקרקעין
בריאות,קרוב,ארצי,גוף,פעוט,ביצע,אוצר,תחבורה,מבוטח,מרשם,צורף,פיצוץ,סרט,שליטה,בדיקה,פתיחה,בחיר,כוח,הטיל,מסמך,פיקוח,הגדרה,סמכות,כלל
רופא,מומחה,הכשרה,אוצר,מטר,משטרה,שכירות,בדיקה,ועדה,אישר,עיצוב,עלה,גוף,שיעור,מפעיל,מסמך,מעטפה,לירה,טען,משרה,ספינה,ניכוי,שוטר,לאומי
ייצוא,מחלה,ארגון,החליט,משרד,בטחוני,תחום,מונית,הסכם,פורט,המציא,מניעה,שודר,התחייבות,ציוד,שעבוד,פרוטוקול,פנקס,אוצר,קבלה,עלה,ריבית,משפטי,קרקע
ייבא,מונה,תרבות,שנתי,קבוצה,מניעה,סמכות,משקל,מענק,תושב,טעם,דור,חדשה,שווי,עזר,תיק,מזכיר,תאריך,ביטול,נגיד,דלק,הפרש,חייל,אישר
משקה,רפואה,כלל,מרכז,שמירה,דרש,רכש,תמרור,פיצוי,דואר,סעד,אזורי,ספרייה,עסקה,אוירון,תביעה,כנסת,בעד,דואר,שקל,טבק,אגרה,משמעתי,נדרש
כלב,מורשה,לימוד,התייעצות,שירותים,בדיקה,כלל,כולל,עבד,מערכת,נימוק,נאות,תקשורת,צוין,פעולה,מינוי,פנקס,סביר,מסירה,הגדרה,שייט,היטל,ראייה,מהנדס
ציבור,פעולה,מיוחד,המלצה,כלל,פגיעה,עסקה,ברזל,מעביד,פעיל,סדר,אמצעי,תחנה,משנה,תקף,זכה,סדר,חובה,תחילה,הסכם,דעה,מפעל,נידון,משרד
תוצרת,מילא,נבחן,מבקר,קורונה,סביבה,פינוי,הסעה,פרישה,כלל,תצהיר,תקן,גרע,מחיר,קבלה,גבייה,כוח,עשייה,הוטל,השקעה,הצהרה,בעד,מחוזי,שמאי
תקן,קבלה,תחילה,מבין,מפה,כוח,שווי,סרן,תוספת,אתר,עורך,מדור,שפה,ציבור,כלל,כוח,כלל,עבר,סיפק,הציע,בלו,תוספת,שחרור,חווה
גוף,ייפוי,תוכנית,חיבר,גבול,ארגון,תמורה,נתיב,חייל,העברה,הוצאה,עלול,פרסום,נאמן,הפעיל,רשמי,פנים,ממשלה,לעניין,פטור,בעד,הטבה,הוגש,דיור
כלל,אומנה,דתי,התמנה,שלט,הגבלה,העברה,פנס,הכנסה,טופס,הוסמך,קיר,כלשהו,פרסום,ביצע,עלה,הועמד,קבוע,הסכמה,פיקדון,ערך,קבוע,חומר,סביבה
מכירה,אשפוז,עיסוק,חשבון,צוות,היתר,דם,מטען,נכות,העתק,עותק,שתייה,גורם,פורט,עמד,הגיע,אחראי,שילם,שולם,ייעוץ,דרש,פקיד,אולם,תחילה
רישום,מעון,מתנדב,סגן,מעון,הסכמה,בעלות,עמד,תביעה,הוצאה,התייצב,מבצע,כבלים,יחידה,מדריך,עזבון,בחר,אמצאה,קבוע,שלט,כמות,חלה,חשוד,מסמך
צמח,זוג,מסגרת,מנה,יציאה,לאומי,עסק,גרר,חשבון,התקבל,מיוחד,פיגום,פרסם,שותף,צוות,צוואה,חירות,פלוני,תאגיד,פנייה,פורט,מחזור,דרגה,מכון
נדרש,אימוץ,התקיים,שלושה,תחילה,לרבות,פיתוח,חנייה,מוסד,מורשה,אגרה,שימש,ציבורי,חוב,פיקוח,ביקש,מילא,תקף,אחריות,היקף,ישראלי,שנתי,סנגור,מגרש
אחראי,מרפאה,ממלכתי,פעל,מגע,הסמיך,הושכר,מטר,מדד,מחשב,מסירה,תקין,אזור,איגרת,הוכיח,ירושה,התייעצות,עלה,הוגש,פנסיון,תשלום,עסק,יועץ,הגשה
שווק,מטרה,תעסוקה,נשיא,ציבור,אזרחי,התקין,אור,מבטח,נדרש,משפטי,מחסן,עיתון,הצבעה,רישוי,שילם,מעטפת,הראה,גרע,מבטח,רציף,רווח,צבא,החליט
אתר,מין,התמחות,התקיים,חדר,הפעיל,דרש,משרד,זכאות,ממוחשב,דעה,חמר,החזיק,דירוג,קדם,סמכות,נציג,הוציא,כלכלה,פעולה,אמנה,סך,החליט,ארצי
ענף,מרכז,מחוז,משפטי,שהייה,ציבורי,תחילה,קצין,השתלם,כרטיס,שיפוט,טבעי,מכרז,שותפות,הגדיר,מיוחד,קלף,עשר,חוזר,מסוים,דיג,הראה,תובע,פורט
